data,valor_mensal,dia,mes,ano,dia_semana,nome_dia_semana,bimestre,trimestre,semestre,variacao_mensal,p_variacao_mensal,valor_anual,variacao_anual,p_variacao_anual
1988-01-01,56.76,1,1,1988,4,Sexta-feira,1,1,1,-0.8500000000000014,-0.014754382919632048,700.34,79.38,7.8226253464348705
1988-02-01,56.88,1,2,1988,0,Segunda-feira,1,1,1,0.12000000000000455,0.0021141649048626032,700.34,79.38,7.8226253464348705
1988-03-01,57.28,1,3,1988,1,Terça-feira,2,1,1,0.3999999999999986,0.007032348804500765,700.34,79.38,7.8226253464348705
1988-04-01,57.64,1,4,1988,4,Sexta-feira,2,2,1,0.35999999999999943,0.006284916201117374,700.34,79.38,7.8226253464348705
1988-05-01,57.26,1,5,1988,6,Domingo,3,2,1,-0.38000000000000256,-0.006592643997224146,700.34,79.38,7.8226253464348705
1988-06-01,57.02,1,6,1988,2,Quarta-feira,3,2,1,-0.23999999999999488,-0.004191407614390408,700.34,79.38,7.8226253464348705
1988-07-01,57.33,1,7,1988,4,Sexta-feira,4,3,2,0.30999999999999517,0.005436688881094165,700.34,79.38,7.8226253464348705
1988-08-01,58.46,1,8,1988,0,Segunda-feira,4,3,2,1.1300000000000026,0.019710448281876847,700.34,79.38,7.8226253464348705
1988-09-01,58.94,1,9,1988,3,Quinta-feira,5,3,2,0.4799999999999969,0.008210742387957604,700.34,79.38,7.8226253464348705
1988-10-01,60.52,1,10,1988,5,Sábado,5,4,2,1.5800000000000054,0.026806922293858282,700.34,79.38,7.8226253464348705
1988-11-01,61.01,1,11,1988,1,Terça-feira,6,4,2,0.4899999999999949,0.008096497025776417,700.34,79.38,7.8226253464348705
1988-12-01,61.24,1,12,1988,3,Quinta-feira,6,4,2,0.23000000000000398,0.003769873791181766,700.34,79.38,7.8226253464348705
1989-01-01,58.4,1,1,1989,6,Domingo,1,1,1,-2.8400000000000034,-0.04637491835401708,713.21,12.870000000000005,54.4164724164724
1989-02-01,57.92,1,2,1989,2,Quarta-feira,1,1,1,-0.4799999999999969,-0.008219178082191747,713.21,12.870000000000005,54.4164724164724
1989-03-01,58.34,1,3,1989,2,Quarta-feira,2,1,1,0.4200000000000017,0.007251381215469532,713.21,12.870000000000005,54.4164724164724
1989-04-01,58.78,1,4,1989,5,Sábado,2,2,1,0.4399999999999977,0.007541995200548435,713.21,12.870000000000005,54.4164724164724
1989-05-01,58.64,1,5,1989,0,Segunda-feira,3,2,1,-0.14000000000000057,-0.0023817625042531487,713.21,12.870000000000005,54.4164724164724
1989-06-01,58.72,1,6,1989,3,Quinta-feira,3,2,1,0.0799999999999983,0.0013642564802183177,713.21,12.870000000000005,54.4164724164724
1989-07-01,59.19,1,7,1989,5,Sábado,4,3,2,0.46999999999999886,0.008004087193460574,713.21,12.870000000000005,54.4164724164724
1989-08-01,60.0,1,8,1989,1,Terça-feira,4,3,2,0.8100000000000023,0.013684744044602182,713.21,12.870000000000005,54.4164724164724
1989-09-01,60.14,1,9,1989,4,Sexta-feira,5,3,2,0.14000000000000057,0.0023333333333332984,713.21,12.870000000000005,54.4164724164724
1989-10-01,60.58,1,10,1989,6,Domingo,5,4,2,0.4399999999999977,0.0073162620552045254,713.21,12.870000000000005,54.4164724164724
1989-11-01,61.44,1,11,1989,2,Quarta-feira,6,4,2,0.8599999999999994,0.014196104324859737,713.21,12.870000000000005,54.4164724164724
1989-12-01,61.06,1,12,1989,4,Sexta-feira,6,4,2,-0.37999999999999545,-0.006184895833333259,713.21,12.870000000000005,54.4164724164724
1990-01-01,60.75,1,1,1990,0,Segunda-feira,1,1,1,-0.3100000000000023,-0.005076973468719381,721.98,8.769999999999982,81.32383124287361
1990-02-01,61.01,1,2,1990,3,Quinta-feira,1,1,1,0.259999999999998,0.0042798353909465625,721.98,8.769999999999982,81.32383124287361
1990-03-01,61.83,1,3,1990,3,Quinta-feira,2,1,1,0.8200000000000003,0.013440419603343745,721.98,8.769999999999982,81.32383124287361
1990-04-01,61.46,1,4,1990,6,Domingo,2,2,1,-0.36999999999999744,-0.005984150088953588,721.98,8.769999999999982,81.32383124287361
1990-05-01,60.86,1,5,1990,1,Terça-feira,3,2,1,-0.6000000000000014,-0.009762447120078122,721.98,8.769999999999982,81.32383124287361
1990-06-01,60.06,1,6,1990,4,Sexta-feira,3,2,1,-0.7999999999999972,-0.013144922773578704,721.98,8.769999999999982,81.32383124287361
1990-07-01,60.17,1,7,1990,6,Domingo,4,3,2,0.10999999999999943,0.001831501831501825,721.98,8.769999999999982,81.32383124287361
1990-08-01,56.54,1,8,1990,2,Quarta-feira,4,3,2,-3.6300000000000026,-0.06032906764168189,721.98,8.769999999999982,81.32383124287361
1990-09-01,59.07,1,9,1990,5,Sábado,5,3,2,2.530000000000001,0.04474708171206232,721.98,8.769999999999982,81.32383124287361
1990-10-01,59.44,1,10,1990,0,Segunda-feira,5,4,2,0.36999999999999744,0.00626375486710673,721.98,8.769999999999982,81.32383124287361
1990-11-01,60.27,1,11,1990,3,Quinta-feira,6,4,2,0.8300000000000054,0.013963660834455105,721.98,8.769999999999982,81.32383124287361
1990-12-01,60.52,1,12,1990,5,Sábado,6,4,2,0.25,0.00414800066368004,721.98,8.769999999999982,81.32383124287361
1991-01-01,60.34,1,1,1991,1,Terça-feira,1,1,1,-0.17999999999999972,-0.002974223397224085,717.9300000000001,-4.0499999999999545,-178.26666666666867
1991-02-01,60.02,1,2,1991,4,Sexta-feira,1,1,1,-0.3200000000000003,-0.00530328140536962,717.9300000000001,-4.0499999999999545,-178.26666666666867
1991-03-01,60.25,1,3,1991,4,Sexta-feira,2,1,1,0.22999999999999687,0.0038320559813393995,717.9300000000001,-4.0499999999999545,-178.26666666666867
1991-04-01,58.95,1,4,1991,0,Segunda-feira,2,2,1,-1.2999999999999972,-0.021576763485477102,717.9300000000001,-4.0499999999999545,-178.26666666666867
1991-05-01,58.76,1,5,1991,2,Quarta-feira,3,2,1,-0.19000000000000483,-0.003223070398643002,717.9300000000001,-4.0499999999999545,-178.26666666666867
1991-06-01,58.98,1,6,1991,5,Sábado,3,2,1,0.21999999999999886,0.0037440435670523797,717.9300000000001,-4.0499999999999545,-178.26666666666867
1991-07-01,59.93,1,7,1991,0,Segunda-feira,4,3,2,0.9500000000000028,0.01610715496778581,717.9300000000001,-4.0499999999999545,-178.26666666666867
1991-08-01,59.18,1,8,1991,3,Quinta-feira,4,3,2,-0.75,-0.012514600367094952,717.9300000000001,-4.0499999999999545,-178.26666666666867
1991-09-01,60.13,1,9,1991,6,Domingo,5,3,2,0.9500000000000028,0.016052720513687113,717.9300000000001,-4.0499999999999545,-178.26666666666867
1991-10-01,60.17,1,10,1991,1,Terça-feira,5,4,2,0.03999999999999915,0.0006652253450856183,717.9300000000001,-4.0499999999999545,-178.26666666666867
1991-11-01,60.4,1,11,1991,4,Sexta-feira,6,4,2,0.22999999999999687,0.0038225029084260065,717.9300000000001,-4.0499999999999545,-178.26666666666867
1991-12-01,60.82,1,12,1991,6,Domingo,6,4,2,0.4200000000000017,0.006953642384105896,717.9300000000001,-4.0499999999999545,-178.26666666666867
1992-01-01,59.75,1,1,1992,2,Quarta-feira,1,1,1,-1.0700000000000003,-0.017592897073331115,706.56,-11.370000000000118,-63.14248021108114
1992-02-01,59.62,1,2,1992,5,Sábado,1,1,1,-0.13000000000000256,-0.0021757322175732785,706.56,-11.370000000000118,-63.14248021108114
1992-03-01,58.5,1,3,1992,6,Domingo,2,1,1,-1.1199999999999974,-0.018785642401878522,706.56,-11.370000000000118,-63.14248021108114
1992-04-01,58.33,1,4,1992,2,Quarta-feira,2,2,1,-0.1700000000000017,-0.0029059829059829845,706.56,-11.370000000000118,-63.14248021108114
1992-05-01,58.12,1,5,1992,4,Sexta-feira,3,2,1,-0.21000000000000085,-0.003600205726041472,706.56,-11.370000000000118,-63.14248021108114
1992-06-01,58.02,1,6,1992,0,Segunda-feira,3,2,1,-0.09999999999999432,-0.0017205781142463072,706.56,-11.370000000000118,-63.14248021108114
1992-07-01,58.51,1,7,1992,2,Quarta-feira,4,3,2,0.4899999999999949,0.008445363667700656,706.56,-11.370000000000118,-63.14248021108114
1992-08-01,58.52,1,8,1992,5,Sábado,4,3,2,0.010000000000005116,0.0001709109553922339,706.56,-11.370000000000118,-63.14248021108114
1992-09-01,59.07,1,9,1992,1,Terça-feira,5,3,2,0.5499999999999972,0.009398496240601517,706.56,-11.370000000000118,-63.14248021108114
1992-10-01,59.48,1,10,1992,3,Quinta-feira,5,4,2,0.4099999999999966,0.006940917555442683,706.56,-11.370000000000118,-63.14248021108114
1992-11-01,59.26,1,11,1992,6,Domingo,6,4,2,-0.21999999999999886,-0.0036987222595830094,706.56,-11.370000000000118,-63.14248021108114
1992-12-01,59.38,1,12,1992,1,Terça-feira,6,4,2,0.12000000000000455,0.002024974687816483,706.56,-11.370000000000118,-63.14248021108114
1993-01-01,59.09,1,1,1993,4,Sexta-feira,1,1,1,-0.28999999999999915,-0.0048837992590097246,705.12,-1.4399999999999409,-490.66666666668675
1993-02-01,59.66,1,2,1993,0,Segunda-feira,1,1,1,0.5699999999999932,0.009646302250803762,705.12,-1.4399999999999409,-490.66666666668675
1993-03-01,58.49,1,3,1993,0,Segunda-feira,2,1,1,-1.1699999999999946,-0.019611129735165878,705.12,-1.4399999999999409,-490.66666666668675
1993-04-01,58.27,1,4,1993,3,Quinta-feira,2,2,1,-0.21999999999999886,-0.0037613267225166114,705.12,-1.4399999999999409,-490.66666666668675
1993-05-01,58.23,1,5,1993,5,Sábado,3,2,1,-0.04000000000000625,-0.0006864595846920452,705.12,-1.4399999999999409,-490.66666666668675
1993-06-01,57.93,1,6,1993,1,Terça-feira,3,2,1,-0.29999999999999716,-0.005151983513652758,705.12,-1.4399999999999409,-490.66666666668675
1993-07-01,58.45,1,7,1993,3,Quinta-feira,4,3,2,0.5200000000000031,0.008976350768168606,705.12,-1.4399999999999409,-490.66666666668675
1993-08-01,58.19,1,8,1993,6,Domingo,4,3,2,-0.2600000000000051,-0.004448246364414099,705.12,-1.4399999999999409,-490.66666666668675
1993-09-01,58.65,1,9,1993,2,Quarta-feira,5,3,2,0.46000000000000085,0.007905138339920903,705.12,-1.4399999999999409,-490.66666666668675
1993-10-01,59.24,1,10,1993,4,Sexta-feira,5,4,2,0.5900000000000034,0.010059676044330779,705.12,-1.4399999999999409,-490.66666666668675
1993-11-01,59.53,1,11,1993,0,Segunda-feira,6,4,2,0.28999999999999915,0.00489534098582034,705.12,-1.4399999999999409,-490.66666666668675
1993-12-01,59.39,1,12,1993,2,Quarta-feira,6,4,2,-0.14000000000000057,-0.0023517554174365962,705.12,-1.4399999999999409,-490.66666666668675
1994-01-01,60.98,1,1,1994,5,Sábado,1,1,1,1.5899999999999963,0.026772183869338217,726.9,21.779999999999973,32.37465564738296
1994-02-01,60.29,1,2,1994,1,Terça-feira,1,1,1,-0.6899999999999977,-0.011315185306657871,726.9,21.779999999999973,32.37465564738296
1994-03-01,60.18,1,3,1994,1,Terça-feira,2,1,1,-0.10999999999999943,-0.0018245148449161919,726.9,21.779999999999973,32.37465564738296
1994-04-01,59.95,1,4,1994,4,Sexta-feira,2,2,1,-0.22999999999999687,-0.003821867730142814,726.9,21.779999999999973,32.37465564738296
1994-05-01,60.12,1,5,1994,6,Domingo,3,2,1,0.1699999999999946,0.0028356964136779794,726.9,21.779999999999973,32.37465564738296
1994-06-01,60.55,1,6,1994,2,Quarta-feira,3,2,1,0.4299999999999997,0.007152361942781127,726.9,21.779999999999973,32.37465564738296
1994-07-01,60.43,1,7,1994,4,Sexta-feira,4,3,2,-0.11999999999999744,-0.0019818331957059954,726.9,21.779999999999973,32.37465564738296
1994-08-01,59.59,1,8,1994,0,Segunda-feira,4,3,2,-0.8399999999999963,-0.013900380605659346,726.9,21.779999999999973,32.37465564738296
1994-09-01,60.64,1,9,1994,3,Quinta-feira,5,3,2,1.0499999999999972,0.017620406108407316,726.9,21.779999999999973,32.37465564738296
1994-10-01,61.2,1,10,1994,5,Sábado,5,4,2,0.5600000000000023,0.00923482849604218,726.9,21.779999999999973,32.37465564738296
1994-11-01,61.24,1,11,1994,1,Terça-feira,6,4,2,0.03999999999999915,0.0006535947712418277,726.9,21.779999999999973,32.37465564738296
1994-12-01,61.73,1,12,1994,3,Quinta-feira,6,4,2,0.4899999999999949,0.008001306335728264,726.9,21.779999999999973,32.37465564738296
1995-01-01,61.26,1,1,1995,6,Domingo,1,1,1,-0.46999999999999886,-0.007613802041146922,738.86,11.960000000000036,60.77759197324396
1995-02-01,61.72,1,2,1995,2,Quarta-feira,1,1,1,0.46000000000000085,0.007508978126020249,738.86,11.960000000000036,60.77759197324396
1995-03-01,61.19,1,3,1995,2,Quarta-feira,2,1,1,-0.5300000000000011,-0.00858716785482827,738.86,11.960000000000036,60.77759197324396
1995-04-01,61.62,1,4,1995,5,Sábado,2,2,1,0.4299999999999997,0.007027292041183131,738.86,11.960000000000036,60.77759197324396
1995-05-01,61.14,1,5,1995,0,Segunda-feira,3,2,1,-0.4799999999999969,-0.00778967867575453,738.86,11.960000000000036,60.77759197324396
1995-06-01,60.73,1,6,1995,3,Quinta-feira,3,2,1,-0.4100000000000037,-0.0067059208374223855,738.86,11.960000000000036,60.77759197324396
1995-07-01,61.75,1,7,1995,5,Sábado,4,3,2,1.0200000000000031,0.016795652889840307,738.86,11.960000000000036,60.77759197324396
1995-08-01,61.7,1,8,1995,1,Terça-feira,4,3,2,-0.04999999999999716,-0.0008097165991902688,738.86,11.960000000000036,60.77759197324396
1995-09-01,61.96,1,9,1995,4,Sexta-feira,5,3,2,0.259999999999998,0.004213938411669282,738.86,11.960000000000036,60.77759197324396
1995-10-01,61.46,1,10,1995,6,Domingo,5,4,2,-0.5,-0.00806972240154935,738.86,11.960000000000036,60.77759197324396
1995-11-01,62.2,1,11,1995,2,Quarta-feira,6,4,2,0.740000000000002,0.012040351448096454,738.86,11.960000000000036,60.77759197324396
1995-12-01,62.13,1,12,1995,4,Sexta-feira,6,4,2,-0.07000000000000028,-0.0011254019292604722,738.86,11.960000000000036,60.77759197324396
1996-01-01,62.3,1,1,1996,0,Segunda-feira,1,1,1,0.1699999999999946,0.0027361982938998164,754.11,15.25,48.44983606557377
1996-02-01,62.87,1,2,1996,3,Quinta-feira,1,1,1,0.5700000000000003,0.009149277688603519,754.11,15.25,48.44983606557377
1996-03-01,62.6,1,3,1996,4,Sexta-feira,2,1,1,-0.269999999999996,-0.004294576109432069,754.11,15.25,48.44983606557377
1996-04-01,62.38,1,4,1996,0,Segunda-feira,2,2,1,-0.21999999999999886,-0.003514376996805124,754.11,15.25,48.44983606557377
1996-05-01,61.99,1,5,1996,2,Quarta-feira,3,2,1,-0.39000000000000057,-0.006252003847387,754.11,15.25,48.44983606557377
1996-06-01,62.53,1,6,1996,5,Sábado,3,2,1,0.5399999999999991,0.008711082432650397,754.11,15.25,48.44983606557377
1996-07-01,62.8,1,7,1996,0,Segunda-feira,4,3,2,0.269999999999996,0.004317927394850374,754.11,15.25,48.44983606557377
1996-08-01,62.67,1,8,1996,3,Quinta-feira,4,3,2,-0.12999999999999545,-0.002070063694267432,754.11,15.25,48.44983606557377
1996-09-01,62.92,1,9,1996,6,Domingo,5,3,2,0.25,0.003989149513323742,754.11,15.25,48.44983606557377
1996-10-01,63.13,1,10,1996,1,Terça-feira,5,4,2,0.21000000000000085,0.003337571519389737,754.11,15.25,48.44983606557377
1996-11-01,63.68,1,11,1996,4,Sexta-feira,6,4,2,0.5499999999999972,0.008712181213369252,754.11,15.25,48.44983606557377
1996-12-01,64.24,1,12,1996,6,Domingo,6,4,2,0.5599999999999952,0.008793969849246075,754.11,15.25,48.44983606557377
1997-01-01,64.42,1,1,1997,2,Quarta-feira,1,1,1,0.18000000000000682,0.0028019925280200475,780.0,25.889999999999986,29.12746234067209
1997-02-01,64.69,1,2,1997,5,Sábado,1,1,1,0.269999999999996,0.004191244954982798,780.0,25.889999999999986,29.12746234067209
1997-03-01,64.28,1,3,1997,5,Sábado,2,1,1,-0.4099999999999966,-0.0063379193074663,780.0,25.889999999999986,29.12746234067209
1997-04-01,65.14,1,4,1997,1,Terça-feira,2,2,1,0.8599999999999994,0.013378967019290533,780.0,25.889999999999986,29.12746234067209
1997-05-01,64.46,1,5,1997,3,Quinta-feira,3,2,1,-0.6800000000000068,-0.010439054344488885,780.0,25.889999999999986,29.12746234067209
1997-06-01,63.59,1,6,1997,6,Domingo,3,2,1,-0.8699999999999903,-0.013496742165683973,780.0,25.889999999999986,29.12746234067209
1997-07-01,64.39,1,7,1997,1,Terça-feira,4,3,2,0.7999999999999972,0.012580594433087011,780.0,25.889999999999986,29.12746234067209
1997-08-01,65.17,1,8,1997,4,Sexta-feira,4,3,2,0.7800000000000011,0.012113682248796387,780.0,25.889999999999986,29.12746234067209
1997-09-01,65.38,1,9,1997,0,Segunda-feira,5,3,2,0.20999999999999375,0.0032223415682062218,780.0,25.889999999999986,29.12746234067209
1997-10-01,66.44,1,10,1997,2,Quarta-feira,5,4,2,1.0600000000000023,0.016212909146527954,780.0,25.889999999999986,29.12746234067209
1997-11-01,66.09,1,11,1997,5,Sábado,6,4,2,-0.3499999999999943,-0.005267910897049921,780.0,25.889999999999986,29.12746234067209
1997-12-01,65.95,1,12,1997,0,Segunda-feira,6,4,2,-0.14000000000000057,-0.002118323498259911,780.0,25.889999999999986,29.12746234067209
1998-01-01,66.72,1,1,1998,3,Quinta-feira,1,1,1,0.769999999999996,0.01167551175132675,791.15,11.149999999999977,69.95515695067279
1998-02-01,67.27,1,2,1998,6,Domingo,1,1,1,0.5499999999999972,0.00824340527577938,791.15,11.149999999999977,69.95515695067279
1998-03-01,67.12,1,3,1998,6,Domingo,2,1,1,-0.14999999999999147,-0.0022298201278428964,791.15,11.149999999999977,69.95515695067279
1998-04-01,66.7,1,4,1998,2,Quarta-feira,2,2,1,-0.4200000000000017,-0.006257449344457711,791.15,11.149999999999977,69.95515695067279
1998-05-01,66.09,1,5,1998,4,Sexta-feira,3,2,1,-0.6099999999999994,-0.009145427286356811,791.15,11.149999999999977,69.95515695067279
1998-06-01,66.04,1,6,1998,0,Segunda-feira,3,2,1,-0.04999999999999716,-0.0007565441065213729,791.15,11.149999999999977,69.95515695067279
1998-07-01,65.71,1,7,1998,2,Quarta-feira,4,3,2,-0.3300000000000125,-0.004996971532404748,791.15,11.149999999999977,69.95515695067279
1998-08-01,64.52,1,8,1998,5,Sábado,4,3,2,-1.1899999999999977,-0.0181098767310911,791.15,11.149999999999977,69.95515695067279
1998-09-01,64.36,1,9,1998,1,Terça-feira,5,3,2,-0.1599999999999966,-0.002479851208927464,791.15,11.149999999999977,69.95515695067279
1998-10-01,64.88,1,10,1998,3,Quinta-feira,5,4,2,0.519999999999996,0.00807955251709136,791.15,11.149999999999977,69.95515695067279
1998-11-01,65.78,1,11,1998,6,Domingo,6,4,2,0.9000000000000057,0.013871763255240532,791.15,11.149999999999977,69.95515695067279
1998-12-01,65.96,1,12,1998,1,Terça-feira,6,4,2,0.1799999999999926,0.002736394040741663,791.15,11.149999999999977,69.95515695067279
1999-01-01,65.68,1,1,1999,4,Sexta-feira,1,1,1,-0.2799999999999869,-0.0042449969678590715,772.38,-18.769999999999982,-42.1497069792222
1999-02-01,65.64,1,2,1999,0,Segunda-feira,1,1,1,-0.04000000000000625,-0.0006090133982948887,772.38,-18.769999999999982,-42.1497069792222
1999-03-01,65.28,1,3,1999,0,Segunda-feira,2,1,1,-0.35999999999999943,-0.005484460694698323,772.38,-18.769999999999982,-42.1497069792222
1999-04-01,64.12,1,4,1999,3,Quinta-feira,2,2,1,-1.1599999999999966,-0.017769607843137192,772.38,-18.769999999999982,-42.1497069792222
1999-05-01,63.37,1,5,1999,5,Sábado,3,2,1,-0.7500000000000071,-0.011696818465377512,772.38,-18.769999999999982,-42.1497069792222
1999-06-01,63.26,1,6,1999,1,Terça-feira,3,2,1,-0.10999999999999943,-0.0017358371469149425,772.38,-18.769999999999982,-42.1497069792222
1999-07-01,63.85,1,7,1999,3,Quinta-feira,4,3,2,0.5900000000000034,0.009326588681631387,772.38,-18.769999999999982,-42.1497069792222
1999-08-01,63.99,1,8,1999,6,Domingo,4,3,2,0.14000000000000057,0.0021926389976507643,772.38,-18.769999999999982,-42.1497069792222
1999-09-01,63.78,1,9,1999,2,Quarta-feira,5,3,2,-0.21000000000000085,-0.003281762775433683,772.38,-18.769999999999982,-42.1497069792222
1999-10-01,64.41,1,10,1999,4,Sexta-feira,5,4,2,0.6299999999999955,0.009877704609595472,772.38,-18.769999999999982,-42.1497069792222
1999-11-01,64.83,1,11,1999,0,Segunda-feira,6,4,2,0.4200000000000017,0.00652072659524916,772.38,-18.769999999999982,-42.1497069792222
1999-12-01,64.17,1,12,1999,2,Quarta-feira,6,4,2,-0.6599999999999966,-0.01018047200370198,772.38,-18.769999999999982,-42.1497069792222
2000-01-01,64.34,1,1,2000,5,Sábado,1,1,1,0.1700000000000017,0.002649213027894781,796.27,23.889999999999986,32.33068229384681
2000-02-01,65.06,1,2,2000,1,Terça-feira,1,1,1,0.7199999999999989,0.011190550202051508,796.27,23.889999999999986,32.33068229384681
2000-03-01,65.24,1,3,2000,2,Quarta-feira,2,1,1,0.1799999999999926,0.0027666769136180935,796.27,23.889999999999986,32.33068229384681
2000-04-01,65.74,1,4,2000,5,Sábado,2,2,1,0.5,0.007664009809932537,796.27,23.889999999999986,32.33068229384681
2000-05-01,66.14,1,5,2000,0,Segunda-feira,3,2,1,0.4000000000000057,0.006084575600851849,796.27,23.889999999999986,32.33068229384681
2000-06-01,65.79,1,6,2000,3,Quinta-feira,3,2,1,-0.3499999999999943,-0.005291805261566251,796.27,23.889999999999986,32.33068229384681
2000-07-01,66.5,1,7,2000,5,Sábado,4,3,2,0.7099999999999937,0.010791913664690567,796.27,23.889999999999986,32.33068229384681
2000-08-01,67.04,1,8,2000,1,Terça-feira,4,3,2,0.5400000000000063,0.00812030075187975,796.27,23.889999999999986,32.33068229384681
2000-09-01,66.98,1,9,2000,4,Sexta-feira,5,3,2,-0.060000000000002274,-0.0008949880668258636,796.27,23.889999999999986,32.33068229384681
2000-10-01,67.74,1,10,2000,6,Domingo,5,4,2,0.7599999999999909,0.011346670647954582,796.27,23.889999999999986,32.33068229384681
2000-11-01,68.59,1,11,2000,2,Quarta-feira,6,4,2,0.8500000000000085,0.012547977561263801,796.27,23.889999999999986,32.33068229384681
2000-12-01,67.11,1,12,2000,4,Sexta-feira,6,4,2,-1.480000000000004,-0.021577489429946084,796.27,23.889999999999986,32.33068229384681
2001-01-01,67.46,1,1,2001,0,Segunda-feira,1,1,1,0.3499999999999943,0.005215318134406122,795.89,-0.37999999999999545,-2095.4473684210775
2001-02-01,66.86,1,2,2001,3,Quinta-feira,1,1,1,-0.5999999999999943,-0.008894159501926957,795.89,-0.37999999999999545,-2095.4473684210775
2001-03-01,67.4,1,3,2001,3,Quinta-feira,2,1,1,0.5400000000000063,0.00807657792402039,795.89,-0.37999999999999545,-2095.4473684210775
2001-04-01,66.7,1,4,2001,6,Domingo,2,2,1,-0.7000000000000028,-0.010385756676557945,795.89,-0.37999999999999545,-2095.4473684210775
2001-05-01,65.89,1,5,2001,1,Terça-feira,3,2,1,-0.8100000000000023,-0.012143928035982077,795.89,-0.37999999999999545,-2095.4473684210775
2001-06-01,64.3,1,6,2001,4,Sexta-feira,3,2,1,-1.5900000000000034,-0.024131127636970784,795.89,-0.37999999999999545,-2095.4473684210775
2001-07-01,66.62,1,7,2001,6,Domingo,4,3,2,2.3200000000000074,0.03608087091757395,795.89,-0.37999999999999545,-2095.4473684210775
2001-08-01,66.73,1,8,2001,2,Quarta-feira,4,3,2,0.10999999999999943,0.0016511558090663847,795.89,-0.37999999999999545,-2095.4473684210775
2001-09-01,66.05,1,9,2001,5,Sábado,5,3,2,-0.6800000000000068,-0.010190319196763165,795.89,-0.37999999999999545,-2095.4473684210775
2001-10-01,66.02,1,10,2001,0,Segunda-feira,5,4,2,-0.030000000000001137,-0.0004542013626041008,795.89,-0.37999999999999545,-2095.4473684210775
2001-11-01,65.89,1,11,2001,3,Quinta-feira,6,4,2,-0.12999999999999545,-0.0019691002726446305,795.89,-0.37999999999999545,-2095.4473684210775
2001-12-01,65.97,1,12,2001,5,Sábado,6,4,2,0.0799999999999983,0.0012141447867657362,795.89,-0.37999999999999545,-2095.4473684210775
2002-01-01,65.55,1,1,2002,1,Terça-feira,1,1,1,-0.4200000000000017,-0.006366530241018631,789.24,-6.649999999999977,-119.6827067669177
2002-02-01,65.69,1,2,2002,4,Sexta-feira,1,1,1,0.14000000000000057,0.0021357742181540296,789.24,-6.649999999999977,-119.6827067669177
2002-03-01,65.1,1,3,2002,4,Sexta-feira,2,1,1,-0.5900000000000034,-0.008981580149185597,789.24,-6.649999999999977,-119.6827067669177
2002-04-01,64.24,1,4,2002,0,Segunda-feira,2,2,1,-0.8599999999999994,-0.013210445468510024,789.24,-6.649999999999977,-119.6827067669177
2002-05-01,65.04,1,5,2002,2,Quarta-feira,3,2,1,0.8000000000000114,0.012453300124533273,789.24,-6.649999999999977,-119.6827067669177
2002-06-01,65.08,1,6,2002,5,Sábado,3,2,1,0.03999999999999204,0.0006150061500613813,789.24,-6.649999999999977,-119.6827067669177
2002-07-01,65.97,1,7,2002,0,Segunda-feira,4,3,2,0.8900000000000006,0.013675476336816317,789.24,-6.649999999999977,-119.6827067669177
2002-08-01,65.7,1,8,2002,3,Quinta-feira,4,3,2,-0.269999999999996,-0.004092769440654731,789.24,-6.649999999999977,-119.6827067669177
2002-09-01,65.74,1,9,2002,6,Domingo,5,3,2,0.03999999999999204,0.0006088280060880802,789.24,-6.649999999999977,-119.6827067669177
2002-10-01,67.13,1,10,2002,1,Terça-feira,5,4,2,1.3900000000000006,0.021143900212960087,789.24,-6.649999999999977,-119.6827067669177
2002-11-01,67.34,1,11,2002,4,Sexta-feira,6,4,2,0.21000000000000796,0.0031282586027112647,789.24,-6.649999999999977,-119.6827067669177
2002-12-01,66.66,1,12,2002,6,Domingo,6,4,2,-0.6800000000000068,-0.010098010098010146,789.24,-6.649999999999977,-119.6827067669177
2003-01-01,69.35,1,1,2003,2,Quarta-feira,1,1,1,2.6899999999999977,0.04035403540354032,842.23,52.99000000000001,14.894130968107188
2003-02-01,70.67,1,2,2003,5,Sábado,1,1,1,1.3200000000000074,0.019033886085075835,842.23,52.99000000000001,14.894130968107188
2003-03-01,70.7,1,3,2003,5,Sábado,2,1,1,0.030000000000001137,0.00042450827791151724,842.23,52.99000000000001,14.894130968107188
2003-04-01,69.35,1,4,2003,1,Terça-feira,2,2,1,-1.3500000000000085,-0.019094766619519254,842.23,52.99000000000001,14.894130968107188
2003-05-01,69.17,1,5,2003,3,Quinta-feira,3,2,1,-0.1799999999999926,-0.002595529920692008,842.23,52.99000000000001,14.894130968107188
2003-06-01,68.98,1,6,2003,6,Domingo,3,2,1,-0.18999999999999773,-0.002746855573225404,842.23,52.99000000000001,14.894130968107188
2003-07-01,69.44,1,7,2003,1,Terça-feira,4,3,2,0.45999999999999375,0.006668599594085167,842.23,52.99000000000001,14.894130968107188
2003-08-01,69.89,1,8,2003,4,Sexta-feira,4,3,2,0.45000000000000284,0.006480414746543817,842.23,52.99000000000001,14.894130968107188
2003-09-01,69.85,1,9,2003,0,Segunda-feira,5,3,2,-0.04000000000000625,-0.0005723279439119322,842.23,52.99000000000001,14.894130968107188
2003-10-01,71.14,1,10,2003,2,Quarta-feira,5,4,2,1.2900000000000063,0.01846814602720115,842.23,52.99000000000001,14.894130968107188
2003-11-01,71.55,1,11,2003,5,Sábado,6,4,2,0.4099999999999966,0.0057632836660106435,842.23,52.99000000000001,14.894130968107188
2003-12-01,72.14,1,12,2003,0,Segunda-feira,6,4,2,0.5900000000000034,0.008245981830887539,842.23,52.99000000000001,14.894130968107188
2004-01-01,71.67,1,1,2004,3,Quinta-feira,1,1,1,-0.46999999999999886,-0.0065151095092874645,874.99,32.75999999999999,25.709096459096468
2004-02-01,71.62,1,2,2004,6,Domingo,1,1,1,-0.04999999999999716,-0.0006976419701408831,874.99,32.75999999999999,25.709096459096468
2004-03-01,72.14,1,3,2004,0,Segunda-feira,2,1,1,0.519999999999996,0.007260541748115079,874.99,32.75999999999999,25.709096459096468
2004-04-01,71.74,1,4,2004,3,Quinta-feira,2,2,1,-0.4000000000000057,-0.005544774050457502,874.99,32.75999999999999,25.709096459096468
2004-05-01,72.17,1,5,2004,5,Sábado,3,2,1,0.4300000000000068,0.005993866741009324,874.99,32.75999999999999,25.709096459096468
2004-06-01,73.59,1,6,2004,1,Terça-feira,3,2,1,1.4200000000000017,0.019675765553554214,874.99,32.75999999999999,25.709096459096468
2004-07-01,73.92,1,7,2004,3,Quinta-feira,4,3,2,0.3299999999999983,0.004484304932735439,874.99,32.75999999999999,25.709096459096468
2004-08-01,72.91,1,8,2004,6,Domingo,4,3,2,-1.0100000000000051,-0.013663419913420016,874.99,32.75999999999999,25.709096459096468
2004-09-01,73.34,1,9,2004,2,Quarta-feira,5,3,2,0.4300000000000068,0.005897682073789712,874.99,32.75999999999999,25.709096459096468
2004-10-01,74.05,1,10,2004,4,Sexta-feira,5,4,2,0.7099999999999937,0.009680938096536584,874.99,32.75999999999999,25.709096459096468
2004-11-01,74.1,1,11,2004,0,Segunda-feira,6,4,2,0.04999999999999716,0.0006752194463199857,874.99,32.75999999999999,25.709096459096468
2004-12-01,73.74,1,12,2004,2,Quarta-feira,6,4,2,-0.35999999999999943,-0.004858299595141724,874.99,32.75999999999999,25.709096459096468
2005-01-01,73.2,1,1,2005,5,Sábado,1,1,1,-0.539999999999992,-0.007323026851098313,888.69,13.700000000000045,63.86788321167862
2005-02-01,74.0,1,2,2005,1,Terça-feira,1,1,1,0.7999999999999972,0.010928961748633892,888.69,13.700000000000045,63.86788321167862
2005-03-01,73.96,1,3,2005,1,Terça-feira,2,1,1,-0.04000000000000625,-0.000540540540540646,888.69,13.700000000000045,63.86788321167862
2005-04-01,74.51,1,4,2005,4,Sexta-feira,2,2,1,0.5500000000000114,0.007436452136289962,888.69,13.700000000000045,63.86788321167862
2005-05-01,74.75,1,5,2005,6,Domingo,3,2,1,0.23999999999999488,0.0032210441551467905,888.69,13.700000000000045,63.86788321167862
2005-06-01,74.14,1,6,2005,2,Quarta-feira,3,2,1,-0.6099999999999994,-0.008160535117056833,888.69,13.700000000000045,63.86788321167862
2005-07-01,74.22,1,7,2005,4,Sexta-feira,4,3,2,0.0799999999999983,0.0010790396547073478,888.69,13.700000000000045,63.86788321167862
2005-08-01,74.31,1,8,2005,0,Segunda-feira,4,3,2,0.09000000000000341,0.0012126111560226693,888.69,13.700000000000045,63.86788321167862
2005-09-01,73.03,1,9,2005,3,Quinta-feira,5,3,2,-1.2800000000000011,-0.017225137935674928,888.69,13.700000000000045,63.86788321167862
2005-10-01,73.69,1,10,2005,5,Sábado,5,4,2,0.6599999999999966,0.009037381897850194,888.69,13.700000000000045,63.86788321167862
2005-11-01,74.38,1,11,2005,1,Terça-feira,6,4,2,0.6899999999999977,0.009363550006785237,888.69,13.700000000000045,63.86788321167862
2005-12-01,74.5,1,12,2005,3,Quinta-feira,6,4,2,0.12000000000000455,0.0016133369185264979,888.69,13.700000000000045,63.86788321167862
2006-01-01,74.15,1,1,2006,6,Domingo,1,1,1,-0.3499999999999943,-0.0046979865771811236,890.53,1.8399999999999181,482.9836956521954
2006-02-01,74.62,1,2,2006,2,Quarta-feira,1,1,1,0.46999999999999886,0.006338503034389653,890.53,1.8399999999999181,482.9836956521954
2006-03-01,74.74,1,3,2006,2,Quarta-feira,2,1,1,0.11999999999999034,0.0016081479496112827,890.53,1.8399999999999181,482.9836956521954
2006-04-01,74.01,1,4,2006,5,Sábado,2,2,1,-0.7299999999999898,-0.00976719293550965,890.53,1.8399999999999181,482.9836956521954
2006-05-01,73.68,1,5,2006,0,Segunda-feira,3,2,1,-0.3299999999999983,-0.0044588569112281595,890.53,1.8399999999999181,482.9836956521954
2006-06-01,74.09,1,6,2006,3,Quinta-feira,3,2,1,0.4099999999999966,0.005564603691639469,890.53,1.8399999999999181,482.9836956521954
2006-07-01,75.09,1,7,2006,5,Sábado,4,3,2,1.0,0.013497098123903317,890.53,1.8399999999999181,482.9836956521954
2006-08-01,74.12,1,8,2006,1,Terça-feira,4,3,2,-0.9699999999999989,-0.012917831935011281,890.53,1.8399999999999181,482.9836956521954
2006-09-01,74.05,1,9,2006,4,Sexta-feira,5,3,2,-0.07000000000000739,-0.0009444144630330609,890.53,1.8399999999999181,482.9836956521954
2006-10-01,74.22,1,10,2006,6,Domingo,5,4,2,0.1700000000000017,0.0022957461174881733,890.53,1.8399999999999181,482.9836956521954
2006-11-01,74.09,1,11,2006,2,Quarta-feira,6,4,2,-0.12999999999999545,-0.0017515494475881521,890.53,1.8399999999999181,482.9836956521954
2006-12-01,73.67,1,12,2006,4,Sexta-feira,6,4,2,-0.4200000000000017,-0.005668781212039398,890.53,1.8399999999999181,482.9836956521954
2007-01-01,73.97,1,1,2007,0,Segunda-feira,1,1,1,0.29999999999999716,0.004072213926971546,890.7,0.17000000000007276,5238.41176470364
2007-02-01,74.43,1,2,2007,3,Quinta-feira,1,1,1,0.46000000000000796,0.0062187373259430245,890.7,0.17000000000007276,5238.41176470364
2007-03-01,74.23,1,3,2007,3,Quinta-feira,2,1,1,-0.20000000000000284,-0.0026870885395674504,890.7,0.17000000000007276,5238.41176470364
2007-04-01,74.26,1,4,2007,6,Domingo,2,2,1,0.030000000000001137,0.00040414926579557253,890.7,0.17000000000007276,5238.41176470364
2007-05-01,73.87,1,5,2007,1,Terça-feira,3,2,1,-0.39000000000000057,-0.005251817936978154,890.7,0.17000000000007276,5238.41176470364
2007-06-01,73.63,1,6,2007,4,Sexta-feira,3,2,1,-0.2400000000000091,-0.0032489508596184047,890.7,0.17000000000007276,5238.41176470364
2007-07-01,74.42,1,7,2007,6,Domingo,4,3,2,0.7900000000000063,0.01072932228711121,890.7,0.17000000000007276,5238.41176470364
2007-08-01,73.49,1,8,2007,2,Quarta-feira,4,3,2,-0.9300000000000068,-0.01249664068798717,890.7,0.17000000000007276,5238.41176470364
2007-09-01,73.86,1,9,2007,5,Sábado,5,3,2,0.37000000000000455,0.00503469859844885,890.7,0.17000000000007276,5238.41176470364
2007-10-01,75.07,1,10,2007,0,Segunda-feira,5,4,2,1.2099999999999937,0.01638234497698332,890.7,0.17000000000007276,5238.41176470364
2007-11-01,74.53,1,11,2007,3,Quinta-feira,6,4,2,-0.539999999999992,-0.007193286266151455,890.7,0.17000000000007276,5238.41176470364
2007-12-01,74.94,1,12,2007,5,Sábado,6,4,2,0.4099999999999966,0.005501140480343336,890.7,0.17000000000007276,5238.41176470364
2008-01-01,74.73,1,1,2008,1,Terça-feira,1,1,1,-0.20999999999999375,-0.00280224179343469,894.5799999999999,3.8799999999998818,229.5618556701101
2008-02-01,74.82,1,2,2008,4,Sexta-feira,1,1,1,0.0899999999999892,0.001204335608189444,894.5799999999999,3.8799999999998818,229.5618556701101
2008-03-01,75.05,1,3,2008,5,Sábado,2,1,1,0.23000000000000398,0.003074044373162277,894.5799999999999,3.8799999999998818,229.5618556701101
2008-04-01,74.49,1,4,2008,1,Terça-feira,2,2,1,-0.5600000000000023,-0.007461692205196546,894.5799999999999,3.8799999999998818,229.5618556701101
2008-05-01,74.79,1,5,2008,3,Quinta-feira,3,2,1,0.30000000000001137,0.004027386226339358,894.5799999999999,3.8799999999998818,229.5618556701101
2008-06-01,74.81,1,6,2008,6,Domingo,3,2,1,0.01999999999999602,0.0002674154298702991,894.5799999999999,3.8799999999998818,229.5618556701101
2008-07-01,75.57,1,7,2008,1,Terça-feira,4,3,2,0.7599999999999909,0.010159069643095764,894.5799999999999,3.8799999999998818,229.5618556701101
2008-08-01,74.48,1,8,2008,4,Sexta-feira,4,3,2,-1.0899999999999892,-0.0144237131136693,894.5799999999999,3.8799999999998818,229.5618556701101
2008-09-01,73.49,1,9,2008,0,Segunda-feira,5,3,2,-0.9900000000000091,-0.013292158968850831,894.5799999999999,3.8799999999998818,229.5618556701101
2008-10-01,74.48,1,10,2008,2,Quarta-feira,5,4,2,0.9900000000000091,0.013471220574228004,894.5799999999999,3.8799999999998818,229.5618556701101
2008-11-01,74.32,1,11,2008,5,Sábado,6,4,2,-0.1600000000000108,-0.002148227712137629,894.5799999999999,3.8799999999998818,229.5618556701101
2008-12-01,73.55,1,12,2008,0,Segunda-feira,6,4,2,-0.769999999999996,-0.010360602798708207,894.5799999999999,3.8799999999998818,229.5618556701101
2009-01-01,72.49,1,1,2009,3,Quinta-feira,1,1,1,-1.0600000000000023,-0.014411964649898024,878.89,-15.68999999999994,-57.01593371574272
2009-02-01,72.88,1,2,2009,6,Domingo,1,1,1,0.39000000000000057,0.005380052421023684,878.89,-15.68999999999994,-57.01593371574272
2009-03-01,72.71,1,3,2009,6,Domingo,2,1,1,-0.1700000000000017,-0.002332601536772838,878.89,-15.68999999999994,-57.01593371574272
2009-04-01,72.99,1,4,2009,2,Quarta-feira,2,2,1,0.28000000000000114,0.0038509145922156485,878.89,-15.68999999999994,-57.01593371574272
2009-05-01,72.6,1,5,2009,4,Sexta-feira,3,2,1,-0.39000000000000057,-0.005343197698314817,878.89,-15.68999999999994,-57.01593371574272
2009-06-01,72.73,1,6,2009,0,Segunda-feira,3,2,1,0.13000000000000966,0.001790633608815595,878.89,-15.68999999999994,-57.01593371574272
2009-07-01,73.69,1,7,2009,2,Quarta-feira,4,3,2,0.9599999999999937,0.013199505018561819,878.89,-15.68999999999994,-57.01593371574272
2009-08-01,73.15,1,8,2009,5,Sábado,4,3,2,-0.539999999999992,-0.007327995657483988,878.89,-15.68999999999994,-57.01593371574272
2009-09-01,73.58,1,9,2009,1,Terça-feira,5,3,2,0.4299999999999926,0.005878332194121594,878.89,-15.68999999999994,-57.01593371574272
2009-10-01,74.04,1,10,2009,3,Quinta-feira,5,4,2,0.46000000000000796,0.006251698831204244,878.89,-15.68999999999994,-57.01593371574272
2009-11-01,74.17,1,11,2009,6,Domingo,6,4,2,0.12999999999999545,0.0017558076715289417,878.89,-15.68999999999994,-57.01593371574272
2009-12-01,73.86,1,12,2009,1,Terça-feira,6,4,2,-0.3100000000000023,-0.0041795874342726025,878.89,-15.68999999999994,-57.01593371574272
2010-01-01,74.05,1,1,2010,4,Sexta-feira,1,1,1,0.18999999999999773,0.0025724343352286905,893.39,14.5,60.61310344827586
2010-02-01,74.36,1,2,2010,0,Segunda-feira,1,1,1,0.3100000000000023,0.004186360567184355,893.39,14.5,60.61310344827586
2010-03-01,74.61,1,3,2010,0,Segunda-feira,2,1,1,0.25,0.0033620225927917247,893.39,14.5,60.61310344827586
2010-04-01,74.36,1,4,2010,3,Quinta-feira,2,2,1,-0.25,-0.003350757271143312,893.39,14.5,60.61310344827586
2010-05-01,74.34,1,5,2010,5,Sábado,3,2,1,-0.01999999999999602,-0.0002689618074233069,893.39,14.5,60.61310344827586
2010-06-01,73.97,1,6,2010,1,Terça-feira,3,2,1,-0.37000000000000455,-0.0049771320957762155,893.39,14.5,60.61310344827586
2010-07-01,74.22,1,7,2010,3,Quinta-feira,4,3,2,0.25,0.0033797485467081945,893.39,14.5,60.61310344827586
2010-08-01,74.1,1,8,2010,6,Domingo,4,3,2,-0.12000000000000455,-0.0016168148746968924,893.39,14.5,60.61310344827586
2010-09-01,74.41,1,9,2010,2,Quarta-feira,5,3,2,0.3100000000000023,0.004183535762483093,893.39,14.5,60.61310344827586
2010-10-01,74.74,1,10,2010,4,Sexta-feira,5,4,2,0.3299999999999983,0.004434887783899999,893.39,14.5,60.61310344827586
2010-11-01,75.07,1,11,2010,0,Segunda-feira,6,4,2,0.3299999999999983,0.004415306395504359,893.39,14.5,60.61310344827586
2010-12-01,75.16,1,12,2010,2,Quarta-feira,6,4,2,0.09000000000000341,0.0011988810443586129,893.39,14.5,60.61310344827586
2011-01-01,75.93,1,1,2011,5,Sábado,1,1,1,0.7700000000000102,0.010244811069717974,901.1800000000001,7.790000000000077,114.68421052631464
2011-02-01,75.49,1,2,2011,1,Terça-feira,1,1,1,-0.44000000000001194,-0.005794811010141121,901.1800000000001,7.790000000000077,114.68421052631464
2011-03-01,74.44,1,3,2011,1,Terça-feira,2,1,1,-1.0499999999999972,-0.013909127036693558,901.1800000000001,7.790000000000077,114.68421052631464
2011-04-01,74.29,1,4,2011,4,Sexta-feira,2,2,1,-0.14999999999999147,-0.0020150456743684986,901.1800000000001,7.790000000000077,114.68421052631464
2011-05-01,73.66,1,5,2011,6,Domingo,3,2,1,-0.6300000000000097,-0.008480279983847261,901.1800000000001,7.790000000000077,114.68421052631464
2011-06-01,74.45,1,6,2011,2,Quarta-feira,3,2,1,0.7900000000000063,0.010724952484387762,901.1800000000001,7.790000000000077,114.68421052631464
2011-07-01,74.84,1,7,2011,4,Sexta-feira,4,3,2,0.39000000000000057,0.0052384150436535215,901.1800000000001,7.790000000000077,114.68421052631464
2011-08-01,75.3,1,8,2011,0,Segunda-feira,4,3,2,0.45999999999999375,0.006146445750935259,901.1800000000001,7.790000000000077,114.68421052631464
2011-09-01,74.68,1,9,2011,3,Quinta-feira,5,3,2,-0.6199999999999903,-0.008233731739707761,901.1800000000001,7.790000000000077,114.68421052631464
2011-10-01,75.26,1,10,2011,5,Sábado,5,4,2,0.5799999999999983,0.00776647027316546,901.1800000000001,7.790000000000077,114.68421052631464
2011-11-01,76.24,1,11,2011,1,Terça-feira,6,4,2,0.9799999999999898,0.013021525378687171,901.1800000000001,7.790000000000077,114.68421052631464
2011-12-01,76.6,1,12,2011,3,Quinta-feira,6,4,2,0.35999999999999943,0.004721930745015701,901.1800000000001,7.790000000000077,114.68421052631464
2012-01-01,76.77,1,1,2012,6,Domingo,1,1,1,0.1700000000000017,0.0022193211488250597,920.3399999999999,19.159999999999854,47.034446764092216
2012-02-01,76.99,1,2,2012,2,Quarta-feira,1,1,1,0.21999999999999886,0.002865702748469534,920.3399999999999,19.159999999999854,47.034446764092216
2012-03-01,76.88,1,3,2012,3,Quinta-feira,2,1,1,-0.10999999999999943,-0.0014287569814261936,920.3399999999999,19.159999999999854,47.034446764092216
2012-04-01,77.2,1,4,2012,6,Domingo,2,2,1,0.3200000000000074,0.0041623309053071544,920.3399999999999,19.159999999999854,47.034446764092216
2012-05-01,76.5,1,5,2012,1,Terça-feira,3,2,1,-0.7000000000000028,-0.0090673575129534,920.3399999999999,19.159999999999854,47.034446764092216
2012-06-01,76.3,1,6,2012,4,Sexta-feira,3,2,1,-0.20000000000000284,-0.002614379084967311,920.3399999999999,19.159999999999854,47.034446764092216
2012-07-01,76.55,1,7,2012,6,Domingo,4,3,2,0.25,0.00327653997378774,920.3399999999999,19.159999999999854,47.034446764092216
2012-08-01,76.53,1,8,2012,2,Quarta-feira,4,3,2,-0.01999999999999602,-0.0002612671456563298,920.3399999999999,19.159999999999854,47.034446764092216
2012-09-01,75.96,1,9,2012,5,Sábado,5,3,2,-0.5700000000000074,-0.007448059584476807,920.3399999999999,19.159999999999854,47.034446764092216
2012-10-01,76.57,1,10,2012,0,Segunda-feira,5,4,2,0.6099999999999994,0.008030542390731865,920.3399999999999,19.159999999999854,47.034446764092216
2012-11-01,77.1,1,11,2012,3,Quinta-feira,6,4,2,0.5300000000000011,0.006921770928562054,920.3399999999999,19.159999999999854,47.034446764092216
2012-12-01,76.99,1,12,2012,5,Sábado,6,4,2,-0.10999999999999943,-0.0014267185473411104,920.3399999999999,19.159999999999854,47.034446764092216
2013-01-01,76.42,1,1,2013,1,Terça-feira,1,1,1,-0.5699999999999932,-0.00740355890375366,921.75,1.4100000000000819,652.7234042552813
2013-02-01,76.21,1,2,2013,4,Sexta-feira,1,1,1,-0.21000000000000796,-0.0027479717351479582,921.75,1.4100000000000819,652.7234042552813
2013-03-01,76.41,1,3,2013,4,Sexta-feira,2,1,1,0.20000000000000284,0.0026243275160739987,921.75,1.4100000000000819,652.7234042552813
2013-04-01,76.84,1,4,2013,0,Segunda-feira,2,2,1,0.4300000000000068,0.005627535662871441,921.75,1.4100000000000819,652.7234042552813
2013-05-01,76.7,1,5,2013,2,Quarta-feira,3,2,1,-0.14000000000000057,-0.0018219677251432032,921.75,1.4100000000000819,652.7234042552813
2013-06-01,76.76,1,6,2013,5,Sábado,3,2,1,0.060000000000002274,0.0007822685788787531,921.75,1.4100000000000819,652.7234042552813
2013-07-01,77.27,1,7,2013,0,Segunda-feira,4,3,2,0.5099999999999909,0.006644085461177562,921.75,1.4100000000000819,652.7234042552813
2013-08-01,77.03,1,8,2013,3,Quinta-feira,4,3,2,-0.23999999999999488,-0.003105991976187328,921.75,1.4100000000000819,652.7234042552813
2013-09-01,76.56,1,9,2013,6,Domingo,5,3,2,-0.46999999999999886,-0.006101518888744661,921.75,1.4100000000000819,652.7234042552813
2013-10-01,76.84,1,10,2013,1,Terça-feira,5,4,2,0.28000000000000114,0.0036572622779520447,921.75,1.4100000000000819,652.7234042552813
2013-11-01,77.14,1,11,2013,4,Sexta-feira,6,4,2,0.29999999999999716,0.0039042165538780704,921.75,1.4100000000000819,652.7234042552813
2013-12-01,77.57,1,12,2013,6,Domingo,6,4,2,0.4299999999999926,0.005574280528908293,921.75,1.4100000000000819,652.7234042552813
2014-01-01,77.79,1,1,2014,2,Quarta-feira,1,1,1,0.22000000000001307,0.0028361479953591395,943.55,21.799999999999955,42.282110091743206
2014-02-01,78.28,1,2,2014,5,Sábado,1,1,1,0.4899999999999949,0.0062990101555469025,943.55,21.799999999999955,42.282110091743206
2014-03-01,77.63,1,3,2014,5,Sábado,2,1,1,-0.6500000000000057,-0.008303525804803313,943.55,21.799999999999955,42.282110091743206
2014-04-01,77.43,1,4,2014,1,Terça-feira,2,2,1,-0.19999999999998863,-0.0025763235862422684,943.55,21.799999999999955,42.282110091743206
2014-05-01,77.6,1,5,2014,3,Quinta-feira,3,2,1,0.1699999999999875,0.0021955314477590804,943.55,21.799999999999955,42.282110091743206
2014-06-01,77.9,1,6,2014,6,Domingo,3,2,1,0.30000000000001137,0.0038659793814435073,943.55,21.799999999999955,42.282110091743206
2014-07-01,78.16,1,7,2014,1,Terça-feira,4,3,2,0.2599999999999909,0.003337612323491612,943.55,21.799999999999955,42.282110091743206
2014-08-01,78.49,1,8,2014,4,Sexta-feira,4,3,2,0.3299999999999983,0.00422210849539395,943.55,21.799999999999955,42.282110091743206
2014-09-01,79.23,1,9,2014,0,Segunda-feira,5,3,2,0.7400000000000091,0.009427952605427503,943.55,21.799999999999955,42.282110091743206
2014-10-01,80.21,1,10,2014,2,Quarta-feira,5,4,2,0.9799999999999898,0.01236905212671946,943.55,21.799999999999955,42.282110091743206
2014-11-01,79.98,1,11,2014,5,Sábado,6,4,2,-0.22999999999998977,-0.0028674728836801666,943.55,21.799999999999955,42.282110091743206
2014-12-01,80.85,1,12,2014,0,Segunda-feira,6,4,2,0.8699999999999903,0.010877719429857269,943.55,21.799999999999955,42.282110091743206
2015-01-01,80.11,1,1,2015,3,Quinta-feira,1,1,1,-0.7399999999999949,-0.009152752009894849,971.1800000000001,27.63000000000011,34.14947520810699
2015-02-01,79.99,1,2,2015,6,Domingo,1,1,1,-0.12000000000000455,-0.0014979403320435347,971.1800000000001,27.63000000000011,34.14947520810699
2015-03-01,80.92,1,3,2015,6,Domingo,2,1,1,0.9300000000000068,0.011626453306663453,971.1800000000001,27.63000000000011,34.14947520810699
2015-04-01,80.53,1,4,2015,2,Quarta-feira,2,2,1,-0.39000000000000057,-0.0048195748887790435,971.1800000000001,27.63000000000011,34.14947520810699
2015-05-01,80.47,1,5,2015,4,Sexta-feira,3,2,1,-0.060000000000002274,-0.0007450639513225665,971.1800000000001,27.63000000000011,34.14947520810699
2015-06-01,80.92,1,6,2015,0,Segunda-feira,3,2,1,0.45000000000000284,0.00559214614141923,971.1800000000001,27.63000000000011,34.14947520810699
2015-07-01,81.43,1,7,2015,2,Quarta-feira,4,3,2,0.5100000000000051,0.006302521008403339,971.1800000000001,27.63000000000011,34.14947520810699
2015-08-01,81.17,1,8,2015,5,Sábado,4,3,2,-0.2600000000000051,-0.0031929264398871116,971.1800000000001,27.63000000000011,34.14947520810699
2015-09-01,81.06,1,9,2015,1,Terça-feira,5,3,2,-0.10999999999999943,-0.001355180485400953,971.1800000000001,27.63000000000011,34.14947520810699
2015-10-01,81.02,1,10,2015,3,Quinta-feira,5,4,2,-0.04000000000000625,-0.000493461633358061,971.1800000000001,27.63000000000011,34.14947520810699
2015-11-01,81.69,1,11,2015,6,Domingo,6,4,2,0.6700000000000017,0.008269563070846697,971.1800000000001,27.63000000000011,34.14947520810699
2015-12-01,81.87,1,12,2015,1,Terça-feira,6,4,2,0.18000000000000682,0.0022034520749174558,971.1800000000001,27.63000000000011,34.14947520810699
2016-01-01,81.8,1,1,2016,4,Sexta-feira,1,1,1,-0.07000000000000739,-0.0008550140466594414,971.85,0.6699999999999591,1449.52238805979
2016-02-01,81.04,1,2,2016,0,Segunda-feira,1,1,1,-0.7599999999999909,-0.009290953545232128,971.85,0.6699999999999591,1449.52238805979
2016-03-01,80.93,1,3,2016,1,Terça-feira,2,1,1,-0.10999999999999943,-0.001357354392892418,971.85,0.6699999999999591,1449.52238805979
2016-04-01,80.15,1,4,2016,4,Sexta-feira,2,2,1,-0.7800000000000011,-0.009637958729766471,971.85,0.6699999999999591,1449.52238805979
2016-05-01,79.36,1,5,2016,6,Domingo,3,2,1,-0.7900000000000063,-0.009856519026824828,971.85,0.6699999999999591,1449.52238805979
2016-06-01,80.07,1,6,2016,2,Quarta-feira,3,2,1,0.7099999999999937,0.008946572580645018,971.85,0.6699999999999591,1449.52238805979
2016-07-01,80.83,1,7,2016,4,Sexta-feira,4,3,2,0.7600000000000051,0.009491694767078895,971.85,0.6699999999999591,1449.52238805979
2016-08-01,80.26,1,8,2016,0,Segunda-feira,4,3,2,-0.5699999999999932,-0.007051837189162358,971.85,0.6699999999999591,1449.52238805979
2016-09-01,80.62,1,9,2016,3,Quinta-feira,5,3,2,0.35999999999999943,0.0044854223772738955,971.85,0.6699999999999591,1449.52238805979
2016-10-01,81.78,1,10,2016,5,Sábado,5,4,2,1.1599999999999966,0.014388489208633004,971.85,0.6699999999999591,1449.52238805979
2016-11-01,82.78,1,11,2016,1,Terça-feira,6,4,2,1.0,0.012227928588897097,971.85,0.6699999999999591,1449.52238805979
2016-12-01,82.23,1,12,2016,3,Quinta-feira,6,4,2,-0.5499999999999972,-0.0066441169364580555,971.85,0.6699999999999591,1449.52238805979
2017-01-01,81.23,1,1,2017,6,Domingo,1,1,1,-1.0,-0.012161011796181453,974.46,2.6100000000000136,372.35632183907853
2017-02-01,81.11,1,2,2017,2,Quarta-feira,1,1,1,-0.12000000000000455,-0.0014772867167303083,974.46,2.6100000000000136,372.35632183907853
2017-03-01,80.61,1,3,2017,2,Quarta-feira,2,1,1,-0.5,-0.006164468006411017,974.46,2.6100000000000136,372.35632183907853
2017-04-01,80.11,1,4,2017,5,Sábado,2,2,1,-0.5,-0.006202704379109303,974.46,2.6100000000000136,372.35632183907853
2017-05-01,80.9,1,5,2017,0,Segunda-feira,3,2,1,0.7900000000000063,0.009861440519286058,974.46,2.6100000000000136,372.35632183907853
2017-06-01,81.15,1,6,2017,3,Quinta-feira,3,2,1,0.25,0.0030902348578492056,974.46,2.6100000000000136,372.35632183907853
2017-07-01,81.62,1,7,2017,5,Sábado,4,3,2,0.46999999999999886,0.0057917436845347225,974.46,2.6100000000000136,372.35632183907853
2017-08-01,81.19,1,8,2017,1,Terça-feira,4,3,2,-0.4300000000000068,-0.005268316589071342,974.46,2.6100000000000136,372.35632183907853
2017-09-01,81.33,1,9,2017,4,Sexta-feira,5,3,2,0.14000000000000057,0.0017243502894446205,974.46,2.6100000000000136,372.35632183907853
2017-10-01,81.55,1,10,2017,6,Domingo,5,4,2,0.21999999999999886,0.002705028894626871,974.46,2.6100000000000136,372.35632183907853
2017-11-01,82.01,1,11,2017,2,Quarta-feira,6,4,2,0.46000000000000796,0.00564071122011045,974.46,2.6100000000000136,372.35632183907853
2017-12-01,81.65,1,12,2017,4,Sexta-feira,6,4,2,-0.35999999999999943,-0.004389708572125395,974.46,2.6100000000000136,372.35632183907853
2018-01-01,82.13,1,1,2018,0,Segunda-feira,1,1,1,0.47999999999998977,0.005878750765462293,995.15,20.68999999999994,47.09811503141628
2018-02-01,82.36,1,2,2018,3,Quinta-feira,1,1,1,0.23000000000000398,0.002800438329477739,995.15,20.68999999999994,47.09811503141628
2018-03-01,82.28,1,3,2018,3,Quinta-feira,2,1,1,-0.0799999999999983,-0.0009713453132588201,995.15,20.68999999999994,47.09811503141628
2018-04-01,82.01,1,4,2018,6,Domingo,2,2,1,-0.269999999999996,-0.0032814778804083344,995.15,20.68999999999994,47.09811503141628
2018-05-01,81.93,1,5,2018,1,Terça-feira,3,2,1,-0.0799999999999983,-0.0009754907938056556,995.15,20.68999999999994,47.09811503141628
2018-06-01,82.09,1,6,2018,4,Sexta-feira,3,2,1,0.1599999999999966,0.0019528866105211762,995.15,20.68999999999994,47.09811503141628
2018-07-01,82.81,1,7,2018,6,Domingo,4,3,2,0.7199999999999989,0.008770861249847606,995.15,20.68999999999994,47.09811503141628
2018-08-01,83.22,1,8,2018,2,Quarta-feira,4,3,2,0.4099999999999966,0.004951092863180628,995.15,20.68999999999994,47.09811503141628
2018-09-01,83.37,1,9,2018,5,Sábado,5,3,2,0.15000000000000568,0.0018024513338139592,995.15,20.68999999999994,47.09811503141628
2018-10-01,84.23,1,10,2018,0,Segunda-feira,5,4,2,0.8599999999999994,0.010315461197073272,995.15,20.68999999999994,47.09811503141628
2018-11-01,84.59,1,11,2018,3,Quinta-feira,6,4,2,0.35999999999999943,0.004274011634809449,995.15,20.68999999999994,47.09811503141628
2018-12-01,84.13,1,12,2018,5,Sábado,6,4,2,-0.46000000000000796,-0.005437995034874188,995.15,20.68999999999994,47.09811503141628
2019-01-01,82.45,1,1,2019,1,Terça-feira,1,1,1,-1.6799999999999926,-0.019969095447521568,985.53,-9.620000000000005,-103.4459459459459
2019-02-01,82.42,1,2,2019,4,Sexta-feira,1,1,1,-0.030000000000001137,-0.000363856882959368,985.53,-9.620000000000005,-103.4459459459459
2019-03-01,82.14,1,3,2019,4,Sexta-feira,2,1,1,-0.28000000000000114,-0.0033972336811454173,985.53,-9.620000000000005,-103.4459459459459
2019-04-01,82.05,1,4,2019,0,Segunda-feira,2,2,1,-0.09000000000000341,-0.001095690284879547,985.53,-9.620000000000005,-103.4459459459459
2019-05-01,81.61,1,5,2019,2,Quarta-feira,3,2,1,-0.4399999999999977,-0.005362583790371689,985.53,-9.620000000000005,-103.4459459459459
2019-06-01,81.58,1,6,2019,5,Sábado,3,2,1,-0.030000000000001137,-0.0003676020095576549,985.53,-9.620000000000005,-103.4459459459459
2019-07-01,81.18,1,7,2019,0,Segunda-feira,4,3,2,-0.3999999999999915,-0.004903162539838135,985.53,-9.620000000000005,-103.4459459459459
2019-08-01,82.26,1,8,2019,3,Quinta-feira,4,3,2,1.0799999999999983,0.013303769401330268,985.53,-9.620000000000005,-103.4459459459459
2019-09-01,80.59,1,9,2019,6,Domingo,5,3,2,-1.6700000000000017,-0.020301483102358353,985.53,-9.620000000000005,-103.4459459459459
2019-10-01,82.47,1,10,2019,1,Terça-feira,5,4,2,1.8799999999999955,0.023327956322124255,985.53,-9.620000000000005,-103.4459459459459
2019-11-01,83.31,1,11,2019,4,Sexta-feira,6,4,2,0.8400000000000034,0.010185522008002934,985.53,-9.620000000000005,-103.4459459459459
2019-12-01,83.47,1,12,2019,6,Domingo,6,4,2,0.1599999999999966,0.001920537750570217,985.53,-9.620000000000005,-103.4459459459459
2020-01-01,82.96,1,1,2020,2,Quarta-feira,1,1,1,-0.5100000000000051,-0.006109979633401319,912.58,-72.94999999999993,-13.509664153529828
2020-02-01,82.15,1,2,2020,5,Sábado,1,1,1,-0.8099999999999881,-0.009763741562198502,912.58,-72.94999999999993,-13.509664153529828
2020-03-01,82.27,1,3,2020,6,Domingo,2,1,1,0.11999999999999034,0.0014607425441264255,912.58,-72.94999999999993,-13.509664153529828
2020-04-01,82.59,1,4,2020,2,Quarta-feira,2,2,1,0.3200000000000074,0.003889631700498386,912.58,-72.94999999999993,-13.509664153529828
2020-05-01,71.47,1,5,2020,4,Sexta-feira,3,2,1,-11.120000000000005,-0.13464099769947946,912.58,-72.94999999999993,-13.509664153529828
2020-06-01,70.21,1,6,2020,0,Segunda-feira,3,2,1,-1.2600000000000051,-0.0176297747306563,912.58,-72.94999999999993,-13.509664153529828
2020-07-01,71.68,1,7,2020,2,Quarta-feira,4,3,2,1.470000000000013,0.020937188434696052,912.58,-72.94999999999993,-13.509664153529828
2020-08-01,72.76,1,8,2020,5,Sábado,4,3,2,1.0799999999999983,0.01506696428571419,912.58,-72.94999999999993,-13.509664153529828
2020-09-01,72.61,1,9,2020,1,Terça-feira,5,3,2,-0.15000000000000568,-0.0020615722924685054,912.58,-72.94999999999993,-13.509664153529828
2020-10-01,73.18,1,10,2020,3,Quinta-feira,5,4,2,0.5700000000000074,0.007850158380388494,912.58,-72.94999999999993,-13.509664153529828
2020-11-01,74.98,1,11,2020,6,Domingo,6,4,2,1.7999999999999972,0.02459688439464336,912.58,-72.94999999999993,-13.509664153529828
2020-12-01,75.72,1,12,2020,1,Terça-feira,6,4,2,0.7399999999999949,0.009869298479594502,912.58,-72.94999999999993,-13.509664153529828
2021-01-01,76.09,1,1,2021,4,Sexta-feira,1,1,1,0.37000000000000455,0.004886423666138562,926.38,13.799999999999955,66.1289855072466
2021-02-01,74.18,1,2,2021,0,Segunda-feira,1,1,1,-1.9099999999999966,-0.02510185306873436,926.38,13.799999999999955,66.1289855072466
2021-03-01,76.05,1,3,2021,0,Segunda-feira,2,1,1,1.8699999999999903,0.02520895119978417,926.38,13.799999999999955,66.1289855072466
2021-04-01,75.55,1,4,2021,3,Quinta-feira,2,2,1,-0.5,-0.006574621959237303,926.38,13.799999999999955,66.1289855072466
2021-05-01,76.05,1,5,2021,5,Sábado,3,2,1,0.5,0.006618133686300487,926.38,13.799999999999955,66.1289855072466
2021-06-01,76.56,1,6,2021,1,Terça-feira,3,2,1,0.5100000000000051,0.006706114398422169,926.38,13.799999999999955,66.1289855072466
2021-07-01,77.84,1,7,2021,3,Quinta-feira,4,3,2,1.2800000000000011,0.016718913270637348,926.38,13.799999999999955,66.1289855072466
2021-08-01,77.43,1,8,2021,6,Domingo,4,3,2,-0.4099999999999966,-0.005267214799588804,926.38,13.799999999999955,66.1289855072466
2021-09-01,77.83,1,9,2021,2,Quarta-feira,5,3,2,0.3999999999999915,0.005165956347668699,926.38,13.799999999999955,66.1289855072466
2021-10-01,79.16,1,10,2021,4,Sexta-feira,5,4,2,1.3299999999999983,0.017088526275215177,926.38,13.799999999999955,66.1289855072466
2021-11-01,80.06,1,11,2021,0,Segunda-feira,6,4,2,0.9000000000000057,0.011369378473976788,926.38,13.799999999999955,66.1289855072466
2021-12-01,79.58,1,12,2021,2,Quarta-feira,6,4,2,-0.480000000000004,-0.0059955033724706785,926.38,13.799999999999955,66.1289855072466
2022-01-01,79.68,1,1,2022,5,Sábado,1,1,1,0.10000000000000853,0.0012565971349587368,970.71,44.33000000000004,20.897360703812296
2022-02-01,80.8,1,2,2022,1,Terça-feira,1,1,1,1.1199999999999903,0.014056224899598346,970.71,44.33000000000004,20.897360703812296
2022-03-01,80.75,1,3,2022,1,Terça-feira,2,1,1,-0.04999999999999716,-0.0006188118811880639,970.71,44.33000000000004,20.897360703812296
2022-04-01,79.89,1,4,2022,4,Sexta-feira,2,2,1,-0.8599999999999994,-0.010650154798761635,970.71,44.33000000000004,20.897360703812296
2022-05-01,79.36,1,5,2022,6,Domingo,3,2,1,-0.5300000000000011,-0.006634121917636793,970.71,44.33000000000004,20.897360703812296
2022-06-01,79.59,1,6,2022,2,Quarta-feira,3,2,1,0.23000000000000398,0.0028981854838709964,970.71,44.33000000000004,20.897360703812296
2022-07-01,80.62,1,7,2022,4,Sexta-feira,4,3,2,1.0300000000000011,0.012941324286970701,970.71,44.33000000000004,20.897360703812296
2022-08-01,81.6,1,8,2022,0,Segunda-feira,4,3,2,0.9799999999999898,0.01215579260729327,970.71,44.33000000000004,20.897360703812296
2022-09-01,82.13,1,9,2022,3,Quinta-feira,5,3,2,0.5300000000000011,0.006495098039215774,970.71,44.33000000000004,20.897360703812296
2022-10-01,82.11,1,10,2022,5,Sábado,5,4,2,-0.01999999999999602,-0.00024351637647623825,970.71,44.33000000000004,20.897360703812296
2022-11-01,82.38,1,11,2022,1,Terça-feira,6,4,2,0.269999999999996,0.003288271830471201,970.71,44.33000000000004,20.897360703812296
2022-12-01,81.8,1,12,2022,3,Quinta-feira,6,4,2,-0.5799999999999983,-0.007040543821315803,970.71,44.33000000000004,20.897360703812296
2023-01-01,81.97,1,1,2023,6,Domingo,1,1,1,0.1700000000000017,0.002078239608801935,983.64,12.92999999999995,75.07424593967546
2023-02-01,82.62,1,2,2023,2,Quarta-feira,1,1,1,0.6500000000000057,0.007929730389166778,983.64,12.92999999999995,75.07424593967546
2023-03-01,82.53,1,3,2023,2,Quarta-feira,2,1,1,-0.09000000000000341,-0.0010893246187364536,983.64,12.92999999999995,75.07424593967546
2023-04-01,82.0,1,4,2023,5,Sábado,2,2,1,-0.5300000000000011,-0.006421907185266029,983.64,12.92999999999995,75.07424593967546
2023-05-01,81.18,1,5,2023,0,Segunda-feira,3,2,1,-0.8199999999999932,-0.009999999999999898,983.64,12.92999999999995,75.07424593967546
2023-06-01,81.92,1,6,2023,3,Quinta-feira,3,2,1,0.7399999999999949,0.009115545700911554,983.64,12.92999999999995,75.07424593967546
2023-07-01,81.15,1,7,2023,5,Sábado,4,3,2,-0.769999999999996,-0.0093994140625,983.64,12.92999999999995,75.07424593967546
2023-08-01,80.82,1,8,2023,1,Terça-feira,4,3,2,-0.3300000000000125,-0.004066543438077774,983.64,12.92999999999995,75.07424593967546
2023-09-01,81.73,1,9,2023,4,Sexta-feira,5,3,2,0.9100000000000108,0.011259589210591558,983.64,12.92999999999995,75.07424593967546
2023-10-01,81.97,1,10,2023,6,Domingo,5,4,2,0.23999999999999488,0.0029364982258655026,983.64,12.92999999999995,75.07424593967546
2023-11-01,82.73,1,11,2023,2,Quarta-feira,6,4,2,0.7600000000000051,0.009271684762718113,983.64,12.92999999999995,75.07424593967546
2023-12-01,83.02,1,12,2023,4,Sexta-feira,6,4,2,0.28999999999999204,0.003505378943551296,983.64,12.92999999999995,75.07424593967546
2024-01-01,81.69,1,1,2024,0,Segunda-feira,1,1,1,-1.3299999999999983,-0.016020236087689654,982.02,-1.6200000000000045,-607.1851851851835
2024-02-01,82.33,1,2,2024,3,Quinta-feira,1,1,1,0.6400000000000006,0.007834496266372781,982.02,-1.6200000000000045,-607.1851851851835
2024-03-01,82.8,1,3,2024,4,Sexta-feira,2,1,1,0.46999999999999886,0.005708733147090861,982.02,-1.6200000000000045,-607.1851851851835
2024-04-01,82.29,1,4,2024,0,Segunda-feira,2,2,1,-0.5099999999999909,-0.006159420289854944,982.02,-1.6200000000000045,-607.1851851851835
2024-05-01,81.53,1,5,2024,2,Quarta-feira,3,2,1,-0.7600000000000051,-0.009235630088710756,982.02,-1.6200000000000045,-607.1851851851835
2024-06-01,81.28,1,6,2024,5,Sábado,3,2,1,-0.25,-0.0030663559425978537,982.02,-1.6200000000000045,-607.1851851851835
2024-07-01,81.6,1,7,2024,0,Segunda-feira,4,3,2,0.3199999999999932,0.003937007874015741,982.02,-1.6200000000000045,-607.1851851851835
2024-08-01,81.76,1,8,2024,3,Quinta-feira,4,3,2,0.1600000000000108,0.0019607843137257053,982.02,-1.6200000000000045,-607.1851851851835
2024-09-01,80.66,1,9,2024,6,Domingo,5,3,2,-1.1000000000000085,-0.013454011741683036,982.02,-1.6200000000000045,-607.1851851851835
2024-10-01,81.7,1,10,2024,1,Terça-feira,5,4,2,1.0400000000000063,0.012893627572526656,982.02,-1.6200000000000045,-607.1851851851835
2024-11-01,81.97,1,11,2024,4,Sexta-feira,6,4,2,0.269999999999996,0.0033047735618114693,982.02,-1.6200000000000045,-607.1851851851835
2024-12-01,82.41,1,12,2024,6,Domingo,6,4,2,0.4399999999999977,0.005367817494205118,982.02,-1.6200000000000045,-607.1851851851835
